	birthday	 about	 emails	 city	 country	 category	 description	 user_id	day	month	year
0		fashion				Clothing (Brand)		119123079651			
1		fashion				Cars		1191133810898077			
2		fashion	gmail			Blogger		1180689082051357			
3	03/29/2016	food	foodbacks			Website	fashion	1186279451403766	3.0	29.0	2016.0
4		fashion		Milan	Italy	Stadium, Arena & Sports Venue	design	127836757361993			
5		food				Cars		1272210509483868			
6						Blogger		126418110759080			
7		accessories	ycpm	Buenos Aires	Argentina	City	accessories	126371954115957			
8		hair		Rome	Italy	Food & Beverage Company	blog	125517204141542			
9		design	kamilanet	Minsk Mazowiecki	Poland	Health/Beauty	design	124869470879948			
10		fashion				Personal Blog	fashion	124287247761801			
11	03/22/2016	fashion	gmail	Cheras, Kuala Lumpur	Malaysia	Design & Fashion	fashion	1227154187294694	3.0	22.0	2016.0
12		fashion	fabfashionfix			News & Media Website	blog	122350644589516			
13	10/01/2009	blog	cute-editing	Rome	Italy	Video Creator	design	124308614287838	10.0	1.0	2009.0
14		food				Jewelry/Watches	accessories	1230687133660621			
15		design	mac			Photographer		116403655066171			
16		food	sympatico	Toronto	Canada	Public Figure	accessories	117176201656363			
17		fashion				Community	fashion	1163656913650192			
18		design	gmail			Jewelry/Watches	fashion	116168812129013			
19	05/07/2015	fashion	outlook	Warsaw	Poland	Entertainment Website	fashion	1155235691168817	5.0	7.0	2015.0
20		design	cinderella-kindermoden			Shopping & Retail	accessories	113421785414817			
21		fashion	imurr	Milan	Italy	Public Figure	food	115267475153313			
22		fashion	squarerank	Antwerp	Belgium	Shopping & Retail	accessories	113464325410898			
23		fashion	gmail			Entertainment Website	fashion	1128802950492797			
24		fashion	reebonz			Website		112798982162923			
25	06/01/1995	design	elaborare	Rome	Italy	Magazine	design	112453308716	6.0	1.0	1995.0
26		accessories		Los Angeles	United States	Musician/Band		113133728748538			
27		design	fashion-design-institut	DÃ¼sseldorf	Germany	College & University		111573248893009			
28						Blogger		1114201225311341			
29		car				Athlete		110997035729481			
30		fashion				App Page		1102746296499267			
31		fashion				Health/Beauty		109921562664			
32		design	bemyguest	GlyfÃ¡das	Greece	Event	fashion	109282949147794			
33		design	hotmail	Madrid	Spain	Photographer		109558825748804			
34		design	fashion-design-institut	DÃ¼sseldorf	Germany	College & University		111573248893009			
35						Blogger		1114201225311341			
36		car				Athlete		110997035729481			
37		fashion	sushiyokohama	Milan	Italy	Sushi Restaurant	fashion	110593149028214			
38		fashion				App Page		1102746296499267			
39		fashion				Health/Beauty		109921562664			
40		design	bemyguest	GlyfÃ¡das	Greece	Event	fashion	109282949147794			
41	05/12/2012	fashion	gmail	Lisbon	Portugal	Clothing (Brand)		108486934793	5.0	12.0	2012.0
42		accessories	nadiaflower			Fashion		108259206058			
43		fashion				Education		1081319261921778			
44		fashion		RzeszÃ³w	Poland	Public Figure		1075750705872176			
45	07/01/2016	accessories	gmail			Product/Service	accessories	1071535369568624	7.0	1.0	2016.0
46		car				Cars		1068635576541972			
47		design				Food & Beverage Company		1459074464344990			
48		beauty				Public Figure		412147798920484			
49		car				Cars	car	407610275938544			
50		fashion				Public Figure		407161642793474			
51	08/01/2015	fashion				Public Figure		404966289552941	8.0	1.0	2015.0
52	01/10/2013	blog				Community	design	402906376458895	1.0	10.0	2013.0
53		fashion				Just For Fun		401019349998363			
54	11/18/2014	fashion	gmail			Magazine	accessories	397414000304908	11.0	18.0	2014.0
55		fashion	hotmail	Tangier	Morocco	Fashion Designer	fashion	391629577711027			
56		design				Community		390654647693135			
57	03/29/2013	fashion	addictedtolace	Mumbai	India	Blogger	fashion	390076247786479	3.0	29.0	2013.0
58		hair		Cervia	Italy	Hair Salon		383494578395444			
59	10/30/2012	design				Clothing (Brand)	fashion	382646955153252	10.0	30.0	2012.0
60		fashion				News & Media Website		381048078755657			
61		blog	fashiioncarpet			Personal Blog	blog	380438492002993			
62			giginoeanita	Pompei	Italy	Skin Care Service		379820685404752			
63	03/17/2007	accessories				Cars	blog	378990845563703	3.0	17.0	2007.0
64		design	gmail			Personal Blog		373042556203546			
65				Locorotondo 		Company		367800460083120			
66		accessories	redblossoms	Amsterdam	Netherlands	Organization	accessories	366137173497347			
67		fashion	kinlingrover	Pocasset	United States	Real Estate Agent	fashion	364876776891097			
68	10/09/2014	fashion	sylwiadbck	Warsaw	Poland	Artist	fashion	364858089075	10.0	9.0	2014.0
69	08/17/2006	blog	gmail			Public Figure		364565428332	8.0	17.0	2006.0
70		beauty	tegamini			Personal Blog	fashion	364235473592417			
71	02/18/2011	food				Website		362773030500890	2.0	18.0	2011.0
72	01/20/1976	accessories	gmali	Florence	Italy	Public Figure	fashion	361742070552462	1.0	20.0	1976.0
73	11/03/2011	design	gmail	Warsaw	Poland	Artist		361734633860475	11.0	3.0	2011.0
74		car				Sports & Recreation	car	359063237560813			
75		fashion				Community		356356367865122			
76		beauty				Community		356307567735069			
77	04/06/2012	design	redshoemovement			Community	fashion	356016277769106	4.0	6.0	2012.0
78		blog	gmail			Personal Blog		354190751385188			
79		fashion				Magazine		353991694658370			
80	09/17/2012	car				Entertainment Website		353734638045018	9.0	17.0	2012.0
81		blog	gmail			Personal Blog		353020448134882			
82		fashion	gmail			Website	fashion	351563904974792			
83		design				Organization	fashion	351493834638			
84		fashion				Just For Fun		350446965110537			
85	01/01/2013	design				Personal Website	fashion	347130215402328	1.0	1.0	2013.0
86						Community	fashion	343452859382074			
87		accessories	brandstome			Website		342496019280784			
88		fashion	frenchictouch	Melbourne	Australia	Business Service	fashion	342338225887508			
89		fashion	gmail	Atlanta	United States	Retail Company	fashion	341975175960645			
90		accessories	libero	Sarzana	Italy	Hair Salon	design	341777242611173			
91		blog				Personal Blog		340680242766580			
92		fashion	gmail			Personal Blog		336318923125848			
93		fashion	gmail			Personal Blog		335910473165800			
94		design	gmail	Nabeul	Tunisia	Cars		332915830077004			
95		accessories	ninna-o	Reggio nell Emilia	Italy	Clothing (Brand)		327471960682448			
96		fashion				Community		326481374363862			
97		blog	email			Musician/Band		316329675044371			
98	10/16/2017	blog				News & Media Website	blog	315778148528990	10.0	16.0	2017.0
99		fashion				Public Figure		313279972186269			
100		blog				Personal Blog	fashion	310007275682587			
101		beauty				Community		309982132717114			
102		fashion				Clothing (Brand)	accessories	203040259718568			
103		car	auto50	Poznan	Poland	Car Dealership	car	202516569761044			
104		accessories	preziosamagazine	Naples	Italy	Newspaper	accessories	202187977984			
105		car				News & Media Website	design	201103700086945			
106		design	drivesafetoday	Jersey City	United States	Driving School	design	200940096700395			
107	05/05/1993	accessories	fabianlauda	Hof bei Salzburg	Austria	Athlete		200491443396201	5.0	5.0	1993.0
108		accessories	clutchbags	New York	United States	Bags/Luggage	accessories	200289003370791			
109	01/20/2013	fashion				Magazine		199595210183987	1.0	20.0	2013.0
110						Community	accessories	1995221607371225			
111		fashion				Clothing (Brand)	fashion	198923923509735			
112		accessories	lc-corporate	Porto	Portugal	Business Consultant	design	1975474889344363			
113		fashion		Naples	Italy	Personal Blog	fashion	39721228426			
114		fashion				Media/News Company		394630784236385			
115		accessories				Product/Service	design	391128151032547			
116	08/22/2013	accessories				Actor	fashion	375057419290705	8.0	22.0	2013.0
117		accessories	santaluciawine	Erbusco		Wine/Spirits	fashion	370179653135471			
118	05/31/2007	fashion		Montecosaro	Italy	Hair Salon	hair	362151307135060	5.0	31.0	2007.0
119	06/18/2010	food	cookingwithmarica	Bologna	Italy	Blogger	fashion	361664460561273	6.0	18.0	2010.0
120	10/15/2011	design	gmail			Entertainment Website	design	359413750739003	10.0	15.0	2011.0
121		design				Furniture	fashion	357483477673200			
122		accessories	gmail	Rome	Italy	Burger Restaurant	food	355668264514287			
123		design				News & Media Website	blog	354212674655607			
124		car	montway	Des Plaines	United States	Transportation Service	design	341015170708			
125		accessories	aziendabanca	Milan	Italy	News & Media Website	accessories	340330389636698			
126		fashion	hotmail	Florence	Italy	Commercial & Industrial	design	336230746504908			
127		fashion		Ad Dawha	Qatar	Retail Company	fashion	335666759808570			
128	01/01/1942	accessories	hotmail	Bibbiena	Italy	Cosmetics Store	fashion	328957503799353	1.0	1.0	1942.0
129		hair				Company		327840127907			
130	09/01/2014	accessories	shoponline	All Over The World		Reference Website	fashion	322341554594340	9.0	1.0	2014.0
131		beauty		Neuilly-sur-Seine	France	Lobbyist	beauty	318738881516802			
132		design				Personal Blog		317292098397541			
133		accessories				Athlete	fashion	315109948695185			
134		fashion				Clothing (Brand)	fashion	315104675322958			
135		fashion	hoteltirolo	Sestola	Italy	Mountain	accessories	203921259624267			
136		food	gmail	Turin	Italy	Shopping & Retail	accessories	196902740517201			
137		fashion				Health & Wellness Website	fashion	999866376727838			
138		blog	hotelriale	Parabiago	Italy	Hotel	blog	99747872556			
139		food		Milan	Italy	Mexican Restaurant	food	995064207186157			
140	01/01/2009	beauty	veronicacalderon			Health & Wellness Website	fashion	97843250991	1.0	1.0	2009.0
141						Community	food	964217340334286			
142		fashion		TrÃªs Passos	Brazil	Clothing (Brand)	design	958262887553465			
143		food				Clothing (Brand)		956824751008154			
144			gmail			Photographer		950590928305645			
145		beauty	gmail			Personal Blog		947818355245551			
146			ada1			Product/Service	design	944833352303913			
147		accessories	fhchospitality	Porto	Portugal	Furniture	fashion	942859305741406			
148		accessories	dariagliniak			Artist		936903549721537			
149		accessories	gabemellein	Bonita Springs	United States	Local Service	fashion	934234786619394			
150		fashion	gmail			Personal Blog	fashion	933080920082381			
151		fashion	thepinkdumpling	Shanghai	China	Personal Blog	accessories	930412660380034			
152		design	socrea	Milan	Italy	Event Planner		929249087111390			
153		fashion	ft	Edison	United States	Insurance Agent	fashion	923361624404390			
154		fashion	gmail	Gurgaon	India	Teacher		921056591320908			
155		design	drivemebarcelona	Barcelona	Spain	Tour Agency	design	919590834759235			
156	05/05/2012	fashion	troikatech	Mumbai	India	Information Technology Company	fashion	917496984930114	5.0	5.0	2012.0
157		design				Product/Service	accessories	917033075038910			
158	09/18/2016	fashion				Public Figure		915535158552669	9.0	18.0	2016.0
159	04/06/2016	food	thursdaypizza	Milan	Italy	Pizza Place	food	904838889630600	4.0	6.0	2016.0
160		fashion	conoscounposto			Personal Blog	fashion	902872839740900			
161		accessories		Vilaseca	Spain	Amusement & Theme Park	fashion	89629769393			
162		food				Community		895127570541562			
163		luxury	ansoncalder			Bags/Luggage		886125864816164			
164		hair	gosiaorlowska			Jewelry/Watches	fashion	885566734920914			
165		design	liner			Cars	design	885345894841212			
166		fashion		Milan	Italy	Ice Cream Shop	fashion	881449208620998			
167		fashion	gmail	æ¸¯åº		Media/News Company	fashion	878588495490659			
168		fashion	luxurygreecedmc	Athens	Greece	Travel Agency	design	874476452564117			
169		fashion	yahoo			Media/News Company		871504516318327			
170		design	abcnegociologistico	Don Torcuato	Argentina	Cargo & Freight Company	car	866114053477850			
171		accessories	linguarta			Education		865570073541866			
172		blog	gmail	Charlotte	United States	Arts & Entertainment		856037094480022			
173		fashion				Clothing (Brand)		853307471383236			
174		beauty				Community	fashion	852797218176268			
175		fashion				Community		850664818287032			
176		design				Community		846230225409616			
177		fashion				Health/Beauty		845602352251453			
178		fashion		Milan	Italy	Foodservice Distributor		841752319207450			
179		luxury	modesens			Shopping Service	design	826137784073586			
180		blog	fromafriendofmine	Paris		Product/Service	fashion	824936697597337			
181		accessories	marcocuratolo	Milan	Italy	Photographer		820934871320087			
182		fashion				Personal Website		817235791647711			
183		car	gmail			Bags/Luggage	fashion	815332461925674			
184	12/01/2015	fashion	shaw	Vancouver	Canada	Health/Beauty	design	807871702618661	12.0	1.0	2015.0
185		fashion				Magazine	fashion	800107456798854			
186		fashion				Just For Fun	fashion	795674433783206			
187		accessories				Clothing (Brand)		788339501289207			
188		car				Cars		783076671800695			
189		fashion	lb-performance			Motor Vehicle Company	accessories	779772735392121			
190		hair		Correggio	Italy	Hair Salon	beauty	779431602141572			
191		fashion	gmail	Katowice	Poland	Baby Goods/Kids Goods	accessories	771864629529667			
192		car				Photographer		754107068022906			
193		hair	hellosexyworld			Just For Fun		751703741607567			
194		design		Moscow	Russia	Artist		749091128554167			
195						Community		744734129033383			
196		accessories				Community		740900452645497			
197			bestcarsshop			Community	fashion	736676909843356			
198		design	racechipgalaxy	Dalkey		Motor Vehicle Company	fashion	733037150070556			
199	09/05/1991	food	gmail	Torino, Italy		CrÃªperie	design	72928191327	9.0	5.0	1991.0
200	03/20/2017	fashion	kandz			Community		727925890616978	3.0	20.0	2017.0
201	01/01/2015	car	carauto			Motor Vehicle Company	fashion	727284553966472	1.0	1.0	2015.0
202		fashion	gmail			Personal Blog	hair	726988864031194			
203	11/09/2007	hair				Entertainment Website	fashion	726852837408364	11.0	9.0	2007.0
204		food	lebonandlebon	Nice	France	Health/Beauty	fashion	726844857409257			
205		food	yahoo	Paris	France	Fashion Designer	food	726709567354068			
206		accessories	galleriaprogetti	Cagliari	Italy	Event Videographer	fashion	725598617559056			
207		fashion	hotmail	Guadalajara	Mexico	Radio Station		725451997549633			
208		design	colar	Hong Kong	Hong Kong	Event Planner		722192404489070			
209		food				Book		713390568768670			
210	01/01/2009	accessories				Personal Blog		709985892395310	1.0	1.0	2009.0
211	07/01/2015		yahoo	Dhaka	Bangladesh	Motor Vehicle Company	fashion	707090449402973	7.0	1.0	2015.0
212		food	gmail			Public Figure		703634066377848			
213		fashion				Just For Fun		699792033388534			
214		beauty				Community		698512440292379			
215		fashion	fashionforbreakfast	Bologna	Italy	Consulting Agency	fashion	697576777041364			
216	01/01/2014	fashion				Magazine	fashion	694474257269676	1.0	1.0	2014.0
217		fashion	gmail	Warsaw	Poland	Personal Blog	fashion	685412288157277			
218		car				Cars		678276722330709			
219		design	lessdaam	Karachi		Website		673312202813678			
220		accessories				Phone/Tablet		673120242879779			
221		beauty	gmail	Islamabad	Pakistan	Health/Beauty	beauty	671748456313289			
222		fashion	terra	xxxxxx		Community		667726019920395			
223		accessories	zerofastfooditalia	Turin	Italy	Specialty Grocery Store		667185943422552			
224	07/13/2016	fashion				Organization	car	663344900486068	7.0	13.0	2016.0
225		design	mypropertyinvestingtools	Highton	Australia	Education	design	660968737359239			
226		accessories	libero	Parma	Italy	Clothing (Brand)		650625358295516			
227		accessories	highend			Website	design	650168275135542			
228		fashion				Magazine		647540921992433			
229		design	calautogroup	Woodland Hills	United States	Car Dealership	fashion	644852592250620			
230	10/07/1993	food	gmail	Paris	France	Public Figure		644822239000704	10.0	7.0	1993.0
231		fashion				Community		642942629215685			
232						Community		639982999436291			
233	11/04/2014	design	sartoriaelena	Merate	Italy	Sewing & Alterations		632578743526459	11.0	4.0	2014.0
234		blog				Community		626842630662750			
235		accessories	gmail	Belgrade	Serbia	Clothing (Brand)		624778847655319			
236		fashion				Clothing (Brand)		619841054749535			
237		fashion				Community		619590514888922			
238		fashion				Magazine	fashion	617863478334707			
239		accessories	yahoo			Home Decor	fashion	615486891839073			
240	11/01/2009	accessories	gmail	Paris	France	Taxi Service	accessories	614795188707202	11.0	1.0	2009.0
241		car		Miami	United States	Exotic Car Rental	car	612010375585032			
242		accessories				Bags/Luggage		597686660247228			
243		accessories				Internet Marketing Service	accessories	596395030502182			
244		fashion		London	United Kingdom	Clothing (Brand)	fashion	596373037071851			
245		design				Media/News Company		594395610638744			
246		hair	hotmail			Public Figure		591059764295064			
247		fashion				Personal Blog		588623057912574			
248		fashion				Community		559104300856645			
249		fashion	gmail			Community		556830117742295			
250	12/28/2013	food	gmail	Turin	Italy	Shopping & Retail	food	556196317807343	12.0	28.0	2013.0
251		design	modernharold	Budapest	Hungary	Professional Service	accessories	554745441325298			
252		design	gmail	Orlando	United States	Neighborhood	design	554683331284773			
253		fashion				Health/Beauty		553986411321371			
254	08/26/2017	fashion	yahoo	Douala	Cameroon	Public Figure	accessories	550140365144062	8.0	26.0	2017.0
255		food				Food & Beverage Company		550006658423855			
256	03/08/2013	accessories	romiamrein	Buenos Aires	Argentina	Makeup Artist	fashion	549021285120088	3.0	8.0	2013.0
257		fashion				Clothing (Brand)		478436562334823			
258	01/24/1924	food	verserozen	Aalsmeer	Netherlands	Florist	fashion	476830822340249	1.0	24.0	1924.0
259		fashion				App Page	fashion	420388228116225			
260		fashion				Community		958109914325588			
261	02/08/2016	fashion				Community	fashion	967698446618915	2.0	8.0	2016.0
262		car	gmail			Community	fashion	949893331756900			
263		design				Video		915570628556897			
264		fashion	gmx			Just For Fun	fashion	842154152464247			
265		fashion				Jewelry/Watches	beauty	794153797378210			
266		accessories	macinata			Kitchen/Cooking	accessories	699001296832249			
267		blog	gmail			Artist	design	693489954115796			
268		beauty				Bags/Luggage	fashion	660373514005969			
269		design				Community	design	655962317827911			
270		fashion		Paris	France	Advertising/Marketing		643503605792479			
271		design		Saluzzo	Italy	Health/Beauty		632250416887628			
272		blog				Blogger		630762207041221			
273		design	gruppodiddi	Prato	Italy	Business Service	design	630245553790201			
274	11/01/2016	luxury	luxxy	Moscow	Russia	Retail Company	accessories	623691814457872	11.0	1.0	2016.0
275		food	profumeriepiselli	Bologna	Italy	Cosmetics Store	accessories	609458615739720			
276		fashion		Hong Kong	Hong Kong	Shopping & Retail	fashion	605703276192791			
277		fashion		 Hong Kong		Religious Organization		583981501662805			
278		fashion				News & Media Website	fashion	576730179007857			
279		accessories	fassoneriatorino			Franchising Service	fashion	559446304107826			
280		accessories	julietarndt			Public Figure		558424587590879			
281		fashion				Community	fashion	557891877617457			
282	01/01/2009	fashion	cunningtonandsanderson			Clothing (Brand)	fashion	55092700895	1.0	1.0	2009.0
283		fashion	hautemarche	North Miami	United States	Women's Clothing Store	accessories	476836962402318			
284		design	fashion-design-institut	DÃ¼sseldorf	Germany	College & University		111573248893009			
285						Blogger		1114201225311341			
286		car				Athlete		110997035729481			
287		fashion				App Page		1102746296499267			
288		fashion				Health/Beauty		109921562664			
289		design	bemyguest	GlyfÃ¡das	Greece	Event	fashion	109282949147794			
290	05/12/2012	fashion	gmail	Lisbon	Portugal	Clothing (Brand)		108486934793	5.0	12.0	2012.0
291		accessories	nadiaflower			Fashion		108259206058			
292		fashion				Education		1081319261921778			
293		fashion		RzeszÃ³w	Poland	Public Figure		1075750705872176			
294	07/01/2016	accessories	gmail			Product/Service	accessories	1071535369568624	7.0	1.0	2016.0
295		car				Cars		1068635576541972			
296		design	yahoo			Author		106026742849682			
297		accessories	mtwglobal	Kwai Chung	Hong Kong	Company		105626302922935			
298		fashion				Company		105392986487296			
299						Personal Blog		1052974111417635			
300		fashion		Vista	United States	Home Security Company		104820856332			
301		accessories	gmail			Artist	fashion	104535289593076			
302		blog	interia			Website		104487569665123			
303		hair	danielkoye			Artist	fashion	104237793030673			
304	02/01/1870	accessories	diwongso	Bandar Baru Enstek		Real Estate		1039117029501781	2.0	1.0	1870.0
305		fashion				Product/Service	fashion	1032628263531363			
306		beauty				Health/Beauty		1029075790446615			
307						Community		102800173099665			
308		fashion	sushiyokohama	Milan	Italy	Sushi Restaurant	fashion	110593149028214			
309		accessories	luisaviaroma	Florence	Italy	Shopping & Retail	fashion	110378796336			
310		design	hotmail	Madrid	Spain	Photographer		109558825748804			
311		fashion		Mato Grosso	Brazil	Blogger		1089418871083534			
312	01/01/2004	design	gmail	Misérieux	France	Automotive Parts Store	fashion	104453739592485	1.0	1.0	2004.0
313		design	gmail	Bursa	Turkey	Commercial & Industrial Equipment Supplier	fashion	1035902069786534			
314		design	gmail	Bursa	Turkey	Commercial & Industrial Equipment Supplier	fashion	1035902069786534			
