	 about	 emails	 city	 country	 category	 description	day	month	year
0	fashion				Company				
1	blog	hardrock	Rome	Italy	American Restaurant				
2	accessories				Website				
3	food	thursdaypizza	Milan	Italy	Pizza Place	food	4.0	6.0	2016.0
4	design	brillance-auto	Paimpol	France	Cleaning Service	design			
5	design				Community				
6	food				Community	food			
7	food	gmail	Torino	Italy	CrÃªperie	fashion	9.0	5.0	1991.0
8	design	padiglioneb	Caprino Veronese	Italy	Company				
9	fashion	gmail			Personal Blog		9.0	7.0	2015.0
10	blog	fromafriendofmine	Paris		Fashion	fashion			
11	fashion				Blogger				
12	accessories				Clothing (Brand)	accessories			
13	fashion	hotmail			Arts & Humanities Website	fashion			
14		gmail			Photographer				
15	fashion	outlook	Warsaw	Poland	Entertainment Website	fashion	5.0	7.0	2015.0
16	accessories	preziosamagazine	Naples	Italy	Media/News Company	accessories			
17	food				Product/Service		2.0	21.0	2014.0
18	design	vrpremium			Product/Service	design			
19	blog	gmail	Warsaw	Poland	Fictional Character		11.0	3.0	2011.0
20	accessories				Clothing (Brand)				
21	fashion				Health/Beauty	fashion			
22	accessories	mimbresco	Oakland	United States	Company	hair			
23	fashion	driferreira	San Diego	United States	Personal Assistant	fashion	1.0	1.0	2010.0
24	fashion	gmail	Valletta	Malta	Blogger				
25	accessories				Internet Marketing Service	accessories			
26	car	carinum	Wetzikon	Switzerland	Motor Vehicle Company	car			
27	beauty		TrÃªs Passos	Brazil	Clothing (Brand)	design			
28	design	racechipgalaxy	Dalkey		Motor Vehicle Company	fashion			
29	fashion	maximumhealth	Benin-City	Nigeria	Nutritionist	fashion			
30					Personal Blog				
31	hair		Mirandola	Italy	Hair Salon				
32	design	bemyguest	GlyfÃ¡das	Greece	Event	fashion			
33	beauty				Community	design	1.0	29.0	2012.0
34	blog				Magazine	fashion	4.0	17.0	2016.0
35	fashion				Just For Fun	fashion			
36	fashion				Community				
37		giginoeanita	Pompei	Italy	Makeup Artist				
38	accessories				Camera/Photo	fashion			
39	blog				Community				
40	design	drivesafetoday	Jersey City	United States	Driving School	design			
41	fashion				Clothing (Brand)	fashion			
42	car	pacificmotorcars	Gardena	United States	Car Dealership	fashion			
43	car	hotelriale	Parabiago	Italy	Hotel	blog			
44	accessories	gmail			Personal Website	fashion			
45	food	tandemtrack	Moscow	Russia	Car Dealership	food	3.0	1.0	2012.0
46	fashion		Sydney	Australia	Fitness Model				
47	fashion				TV Show				
48	food	gtafactory			Consulting Agency	fashion			
49	fashion	gmail			Personal Blog				
50	beauty				Magazine	beauty			
51	accessories				Product/Service				
52	fashion	gosiaorlowska			Jewelry/Watches	fashion			
53	accessories				Cars				
54	fashion				App Page				
55					Clothing (Brand)	fashion			
56	design				Food & Beverage Company				
57	accessories	gmail	Cheras, Kuala Lumpur	Malaysia	Community	fashion			
58					Product/Service	design			
59	design	merkedirmk	Frankfurt	Germany	Advertising/Marketing	design	6.0	1.0	2005.0
60	blog				Musician/Band	blog			
61	design				Product/Service	accessories			
62	accessories		Dhaka	Bangladesh	Clothing Store				
63	accessories				Cars	blog	3.0	17.0	2007.0
64	fashion				Fashion				
65	design	ahpharquitetura	SÃ£o Bernardo do Campo	Brazil	Architect	fashion			
66					Blogger				
67	design				Health/Beauty				
68	food	gmail	Turin	Italy	Grocery Store	food	12.0	28.0	2013.0
69	food				Community				
70	accessories				Just For Fun				
71	fashion				Artist				
72	accessories				Website				
73					Community	food			
74	fashion	idesignme	Milan	Italy	News & Media Website	fashion			
75	accessories				Clothing (Brand)				
76	fashion	sylwiadbck	Warsaw	Poland	Artist	fashion	10.0	9.0	2014.0
77	fashion				Community				
78	accessories	romiamrein	Buenos Aires	Argentina	Makeup Artist	fashion	3.0	8.0	2013.0
79	fashion	stylelovely	Madrid	Spain	Entertainment Website				
80	fashion				Website				
81					Organization				
82	fashion				Public Figure				
83	accessories				Clothing (Brand)				
84	fashion	cultmarche			Local & Travel Website				
85	food	acenaconnoi			Community				
86	design	jeanetmetselaar	Groningen	Netherlands	Arts & Entertainment	design			
87	beauty	gmail			Personal Blog				
88	beauty	gmail			Clothing (Brand)		10.0	19.0	2015.0
89					Community				
90	accessories	lucillekhornak	Bridgehampton	United States	Art Gallery	accessories			
91	fashion				Website				
92	fashion	luxurygreecedmc	Athens	Greece	Tour Agency	design			
93	accessories				Cars	car			
94	accessories	gmail	Naples	Italy	Pet Store				
95	accessories	boutiquemartinisi	Vologda	Russia	Clothing Store	food	4.0	20.0	2008.0
96	blog	gmail			Personal Blog	fashion			
97	hair				Media/News Company	car			
98	fashion				Personal Blog	accessories			
99	accessories	clutchbags	New York	United States	Accessories	accessories			
100	design				Community	fashion	5.0	8.0	2013.0
101	fashion	gmail			Personal Blog				
102	food				Community				
103	food	famelica	Roma		Personal Blog				
104	accessories				Baby Goods/Kids Goods				
105	accessories	libero	Parma	Italy	Clothing (Brand)				
106	accessories		Senigallia	Italy	Local Business	accessories	10.0	24.0	2015.0
107					Reference Website				
108	blog	albertoguardiani	Milan	Italy	Fashion Designer	design			
109	accessories				Retail Company	fashion			
110	hair				Home Decor	fashion			
111	fashion	luxxy	Moscow	Russia	Retail Company	accessories	11.0	1.0	2016.0
112	accessories		Batna	Algeria	Jewelry/Watches	fashion			
113	fashion	momolo			Website				
114	fashion				Community	fashion			
115	accessories	luisaviaroma	Florence	Italy	Shopping & Retail	fashion			
116	fashion	theosrl	Palermo	Italy	Hair Salon	fashion			
117	fashion	escales-paris			Clothing (Brand)	fashion			
118	luxury				Magazine				
119	food	profumeriepiselli	Bologna	Italy	Beauty, Cosmetic & Personal Care	accessories			
120	accessories		Los Angeles	United States	Musician/Band				
121	design	wanadoo	Damery	France	Art Gallery	accessories			
122	design	actronics	Colchester	United Kingdom	Automotive Repair Shop	accessories			
123	food		Rome	Italy	Sandwich Shop	fashion			
124	fashion				Community	design			
125	design				Personal Blog				
126	accessories				Clothing (Brand)	fashion	7.0	28.0	2013.0
127	accessories				Public Figure				
128	fashion	yahoo	Toronto	Canada	Interior Design Studio	fashion			
129	accessories	macinata	Milan	Italy	Burger Restaurant	accessories			
130	car	operamail			Photographer	beauty			
131	accessories				Website	design			
132	car	exdep	Brussels	Belgium	Towing Service	car			
133	design	gmail	Bangalore	India	Blogger				
134	accessories	mirostore	Bernareggio	Italy	Beauty Salon	design			
135	fashion		Sant'Arcangelo di Romagna	Italy	Website	accessories			
136	design	noasharon	Tel Aviv	Israel	Design & Fashion	design			
137	food	santaluciawine	Erbusco		Wine/Spirits	fashion			
138	blog				Clothing (Brand)	fashion			
139	hair	gmail	Indianapolis	United States	Hair Salon	fashion			
140	fashion		Naples	Italy	Personal Blog	fashion			
141	accessories				Cars	food	10.0	1.0	2008.0
142	food	starlight	London	United Kingdom	Public Service	food			
143	accessories	gmail			Fashion Model	accessories	1.0	18.0	2013.0
144	beauty				Public Figure				
145	beauty				Public Figure				
146	fashion				Other				
147	fashion				Movie				
148	beauty		Biberach an der RiÃ		Artist				
149	luxury		Fuengirola	Spain	Real Estate				
150	fashion	shoestova	Dubai	United Arab Emirates	Entrepreneur	fashion	10.0	1.0	2013.0
151	blog				Community				
152					Community				
153	accessories	hotmail	Florence	Italy	Society & Culture Website	accessories			
154	food	yahoo	Paris	France	Product/Service	food			
155	car	exdep	Brussels	Belgium	Towing Service	car			
156	fashion		Naples	Italy	Personal Blog	fashion			
157	accessories	vera-fashion	Czestochowa	Poland	Clothing (Brand)	fashion			
158	fashion				Health & Wellness Website	fashion			
159	car	hotelriale	Parabiago	Italy	Hotel	blog			
160	food		Milan	Italy	Fast Food Restaurant	food			
161	fashion	veronicacalderon			Health & Wellness Website	fashion	1.0	1.0	2009.0
162					Community	food			
163	fashion				Community	fashion	2.0	8.0	2016.0
164	fashion				Clothing (Brand)				
165	luxury				Company				
166	blog				Community				
167			Brescia	Italy	Musician/Band	accessories			
168	beauty	cetreschic	Orlando	United States	Shopping & Retail				
169	fashion				Clothing (Brand)				
170	fashion	verserozen	Aalsmeer	Netherlands	Florist	fashion	1.0	24.0	1924.0
171	design	merkedirmk	Frankfurt	Germany	Advertising/Marketing	design	6.0	1.0	2005.0
172	fashion				Book				
173	fashion				Movie				
174		rhein-main-sportwagen	Frankfurt	Germany	Motor Vehicle Company				
175	fashion				Artist				
176	blog	gmail	Yangon	Myanmar	Musician	blog			
177	design	padiglioneb	Caprino Veronese	Italy	Company				
178	fashion	hautemarche	North Miami	United States	Women's Clothing Store	accessories			
179	fashion	escales-paris			Clothing (Brand)	fashion			
180	design	gmail			Public Figure	accessories	10.0	28.0	2012.0
181	fashion	maximumhealth	Benin-City	Nigeria	Nutritionist	fashion			
182	fashion	gmail	Sondrio	Italy	Society & Culture Website	design			
183	accessories	shoponline	All Over The World		Reference Website	fashion	9.0	1.0	2014.0
184	accessories	ilariapericoli	Montevarchi	Italy	Bridal Shop	accessories			
185	fashion	sugarloomcosmetics	Ashburn	United States	Health/Beauty	food	12.0	2.0	2014.0
186	car	exdep	Brussels	Belgium	Towing Service	car			
187	fashion	shoestova	Dubai	United Arab Emirates	Entrepreneur	fashion	10.0	1.0	2013.0
188	fashion	gmail			Product/Service	fashion			
189	accessories		Barcelona	Spain	Artist	design			
190	blog				Musician/Band	blog			
191	blog	gmail	Beverly Hills	United States	Photographer				
192		fdi-secrets	DÃ¼sseldorf	Germany	Arts & Entertainment				
193					Personal Blog				
194	accessories				Product/Service				
195	fashion	unipolarena	Casalecchio di Reno	Italy	Interest	fashion			
196	accessories		Buenos Aires	Argentina	Shopping & Retail				
197	fashion	driferreira	San Diego	United States	Personal Assistant	fashion	1.0	1.0	2010.0
198	accessories		Huntingdon	United Kingdom	Artist	design			
199	blog	gmail			Blogger	fashion			
200	fashion				Recreation & Sports Website	fashion			
201	car	carinum	Wetzikon	Switzerland	Motor Vehicle Company	car			
202	fashion	gmail			Personal Blog				
203	beauty				Community	design	1.0	29.0	2012.0
204	fashion	thelookandlike			News & Media Website	fashion			
205	accessories				Clothing (Brand)	accessories			
206	design	fabioarcanjo			Public Figure		1.0	1.0	2012.0
207	fashion				Clothing (Brand)	accessories			
208	car	auto50	Poznan	Poland	Car Dealership	fashion			
209	accessories	preziosamagazine	Naples	Italy	Media/News Company	accessories			
210	car				News & Media Website	design			
211	design	drivesafetoday	Jersey City	United States	Driving School	design			
212	accessories	fabianlauda	Hof bei Salzburg	Austria	Athlete		5.0	5.0	1993.0
213	accessories	clutchbags	New York	United States	Accessories	accessories			
214	accessories				Website	accessories			
215	fashion	cfthomeless	New York	United States	Nonprofit Organization	design			
216	accessories	hotmail	Bristol	United Kingdom	Personal Blog	fashion			
217	blog	volkswagun			Entertainment Website	car			
218	fashion	imagestrategist	North Vancouver	Canada	Image Consultant				
219	fashion				Magazine		1.0	20.0	2013.0
220					Community	accessories			
221	blog	zeromusic	MontrÃ©al		Artist				
222	design	hotmail	Perth	Australia	Education	fashion			
223	fashion				Clothing (Brand)	fashion			
224	fashion	hoteltirolo	Sestola	Italy	Restaurant	accessories			
225	accessories	lc-corporate	Porto	Portugal	Business Center	design			
226	fashion				Burger Restaurant	food			
227	fashion	live			Community	fashion			
228	fashion	narcissaateliermodista	Madrid	Spain	Fashion Designer	fashion	1.0	13.0	2013.0
229	design	gmail	Turin	Italy	Grocery Store	food			
230	fashion				Magazine				
231	design	brillance-auto	Paimpol	France	Cleaning Service	design			
232	accessories	elaborare	Rome	Italy	Personal Blog	accessories			
233	accessories				Cars	car			
234	hair	keora	Burlington	Canada	Hair Salon	accessories			
235	accessories				Artist				
236	car		Dubai	United Arab Emirates	Automotive, Aircraft & Boat	car			
237	accessories	lucillekhornak	Bridgehampton	United States	Art Gallery	accessories			
238	hair		Mirandola	Italy	Hair Salon				
239	hair	facebook			Hair Salon				
240	accessories				Clothing (Brand)	blog	11.0	15.0	2011.0
241	fashion	gmail			Sports Team				
242	fashion	lovetostyle	Swindon	United Kingdom	Health/Beauty	fashion			
243	fashion	stylelovely	Madrid	Spain	Entertainment Website				
244	accessories				Baby Goods/Kids Goods				
245	fashion	shantellmartin			Artist				
246	design	wanadoo	Damery	France	Champagne Bar	accessories			
247	accessories	bonjourbabybaskets			Baby Goods/Kids Goods	accessories			
248	accessories	gmail	Mondo	Democratic Republic of the Congo	Food & Beverage Company	fashion	5.0	1.0	2016.0
249	food		Porto	Portugal	Cars	design			
250	accessories	boutiquemartinisi	Vologda	Russia	Clothing Store	food	4.0	20.0	2008.0
251	fashion	gmail			Clothing (Brand)	accessories			
252	car		Los Angeles	United States	Cars				
253	food	gmail			Personal Blog	fashion			
254	design				TV Show	car			
255	lifestyle				Website				
256	beauty	creaparrucchieri	CuorgnÃ¨	Italy	Hair Extensions Service	hair			
257	accessories				Community				
258	car	theultimatefinish	Fawkham	United Kingdom	Shopping & Retail	accessories	1.0	19.0	1999.0
259	accessories				Jewelry/Watches	accessories			
260	food				Personal Website				
261		libero			Personal Blog	fashion			
262	hair	gmail			Personal Blog	accessories			
263	design	hotmoda	Warszawa, Poland		Magazine				
264	food				Community				
265	accessories				Website				
266	car	menabetz	Modena	Italy	Transportation Service				
267	fashion		London	United Kingdom	Clothing (Brand)	fashion			
268	fashion				Cars				
269	fashion				Website				
270	fashion	gmail			Personal Website				
271	hair	gmail			Cars				
272	car	drivesurfing			Cars		3.0	1.0	2017.0
273	design	gmail	Bangalore	India	Blogger				
274	accessories				Website	fashion			
275	design				Food & Beverage Company				
276	beauty	mugoven	Austin	United States	Society & Culture Website	design			
277	accessories	libero			Jewelry/Watches	accessories			
278	fashion				Public Figure				
279	blog				Personal Blog	fashion			
280	beauty				Community				
281	fashion	yahoo			Society & Culture Website	fashion	11.0	1.0	2014.0
282	food	sbcglobal	Ardmore	United States	Website	fashion			
283	car				Magazine	car			
284	car	exdep	Brussels	Belgium	Towing Service	car			
285	accessories	ilariapericoli	Montevarchi	Italy	Bridal Shop	accessories			
286	fashion	sugarloomcosmetics	Ashburn	United States	Health/Beauty	food	12.0	2.0	2014.0
287	accessories	bsideprinting	Piacenza	Italy	Interior Design Studio	car	5.0	1.0	2005.0
288	design				Food & Beverage Company				
289	hair	gmail			Public Figure	hair	5.0	13.0	1995.0
290	fashion	gmail	Los Angeles	United States	Public Figure	fashion	3.0	1.0	2013.0
291	accessories				Clothing (Brand)				
292	fashion		Kuweit	Kuwait	Community	fashion	1.0	1.0	2012.0
293	fashion	reviewsupercars	New Delhi	India	Nonprofit Organization				
294	design				Just For Fun	food			
295	accessories	gmail	New York	United States	Performance & Event Venue	accessories			
296	fashion	hotmail			Personal Blog				
297	design	yahoo	New York	United States	Personal Website	hair			
298	accessories				Athlete				
299	food	acenaconnoi			Community				
300	design				Community				
301	luxury				News & Media Website		1.0	1.0	2012.0
302	fashion	shoestova	Dubai	United Arab Emirates	Entrepreneur	fashion	10.0	1.0	2013.0
303	fashion				Clothing (Brand)	fashion			
304	blog				Magazine	fashion	4.0	17.0	2016.0
305	hair				Health/Beauty	beauty			
306	fashion	gmail	Turin	Italy	Public Figure				
307	accessories				App Page				
308	accessories				Cars	fashion	11.0	1.0	2016.0
309	fashion	hotmail	CriciÃºma	Brazil	Women's Clothing Store	fashion			
310	accessories	gmail			Public Figure	fashion			
311	blog	gmail			Personal Blog	fashion			
312	fashion	yahoo			Personal Blog	beauty			
313	fashion				Personal Website	fashion			
314	fashion				Clothing (Brand)	fashion	9.0	23.0	2011.0
315	fashion				Automotive, Aircraft & Boat				
316	fashion				Religious Organization				
317	food				Product/Service		2.0	21.0	2014.0
318	car	pacificmotorcars	Gardena	United States	Car Dealership	fashion			
319	accessories	live			Artist	accessories	6.0	7.0	2012.0
320	accessories				Clothing (Brand)	design			
321	fashion	concreteambition			Clothing (Brand)	fashion			
322		gmail	Milan	Italy	New American Restaurant				
323	blog				Clothing (Brand)	fashion			
324	accessories	hotmail			Musician/Band				
325	car	eurocarparts	London	United Kingdom	Automotive Parts Store	fashion			
326	accessories				Cars	food	10.0	1.0	2008.0
327	fashion				Personal Blog	accessories			
328	fashion				Cars	fashion	2.0	18.0	1898.0
329	design				Company				
330	accessories				App Page	fashion			
331	food	gtafactory			Consulting Agency	fashion			
332	fashion	idesignme	Milan	Italy	News & Media Website	fashion			
333	hair				Health/Beauty				
334	hair	nenuca	LogroÃ±o	Spain	Baby Goods/Kids Goods	fashion			
335	fashion	vp	Poznan	Poland	Professional Service	fashion			
336		hernanlander			Clothing (Brand)				
337	fashion				Community	design			
338	accessories	ristoranteshangrila	Milan	Italy	Thai Restaurant	fashion			
339	accessories	gmail	Naples	Italy	Pet Store				
340	fashion	gmail	Montreal	Canada	Makeup Artist	fashion			
341	design				Community				
342	beauty	gmail	Bucharest	Romania	Community	fashion			
343		javacardesign	Åochocin	Poland	Automotive, Aircraft & Boat	car			
344	accessories	gmail	Palm Beach	United States	Home Decor	accessories			
345	fashion				Personal Blog				
346	fashion	firstclassfashionista	Westminster	United States	Media/News Company	fashion			
347	fashion	swo			News & Media Website	fashion			
348	fashion		Sant'Arcangelo di Romagna	Italy	Website	accessories			
349	blog	yahoo			Public Figure				
350	fashion				Artist				
351	design	gmail	New Delhi	India	Professional Service	fashion			
352	design	gmail			Artist	accessories			
353	accessories		Barcelona	Spain	Artist	design			
354	blog				Musician/Band	blog			
355	blog	gmail	Beverly Hills	United States	Photographer				
356		fdi-secrets	DÃ¼sseldorf	Germany	Arts & Entertainment				
357	accessories				Website	accessories			
358					Personal Blog				
359	accessories				Product/Service				
360	fashion	unipolarena	Casalecchio di Reno	Italy	Interest	fashion			
361	accessories		Buenos Aires	Argentina	Shopping & Retail				
362	fashion	driferreira	San Diego	United States	Personal Assistant	fashion	1.0	1.0	2010.0
363	accessories		Huntingdon	United Kingdom	Artist	design			
364	blog	gmail			Blogger	fashion			
365	fashion	cfthomeless	New York	United States	Nonprofit Organization	design			
366	fashion				Recreation & Sports Website	fashion			
367	car	carinum	Wetzikon	Switzerland	Motor Vehicle Company	car			
368	fashion	gmail			Personal Blog				
369	beauty				Community	design	1.0	29.0	2012.0
370	fashion	thelookandlike			News & Media Website	fashion			
371	accessories				Clothing (Brand)	accessories			
372	design	fabioarcanjo			Public Figure		1.0	1.0	2012.0
373	accessories	hotmail	Bristol	United Kingdom	Personal Blog	fashion			
374	fashion	imagestrategist	North Vancouver	Canada	Image Consultant				
375	blog	zeromusic	MontrÃ©al		Artist				
376	fashion				Clothing (Brand)	accessories			
377	design	hotmail	Perth	Australia	Education	fashion			
378	car	auto50	Poznan	Poland	Car Dealership	fashion			
379	accessories	preziosamagazine	Naples	Italy	Media/News Company	accessories			
380	fashion	hoteltirolo	Sestola	Italy	Restaurant	accessories			
381	car				News & Media Website	design			
382	design	drivesafetoday	Jersey City	United States	Driving School	design			
383	accessories	fabianlauda	Hof bei Salzburg	Austria	Athlete		5.0	5.0	1993.0
384	accessories	clutchbags	New York	United States	Accessories	accessories			
385	fashion				Magazine		1.0	20.0	2013.0
386					Community	accessories			
387	fashion				Clothing (Brand)	fashion			
388	accessories	lc-corporate	Porto	Portugal	Business Center	design			
389	fashion				Burger Restaurant	food			
390	fashion	live			Community	fashion			
391	fashion	narcissaateliermodista	Madrid	Spain	Fashion Designer	fashion	1.0	13.0	2013.0
392	fashion				Magazine				
393	design	brillance-auto	Paimpol	France	Cleaning Service	design			
394	accessories	elaborare	Rome	Italy	Personal Blog	accessories			
395	design	gmail	Turin	Italy	Grocery Store	food			
396	design	wanadoo	Damery	France	Wine/Spirits	accessories			
397	accessories	bonjourbabybaskets			Baby Goods/Kids Goods	accessories			
398	accessories				Cars	car			
399	hair	keora	Burlington	Canada	Hair Salon	accessories			
400	accessories				Artist				
401	car		Dubai	United Arab Emirates	Automotive, Aircraft & Boat	car			
402	accessories	lucillekhornak	Bridgehampton	United States	Art Gallery	accessories			
403	hair		Mirandola	Italy	Hair Salon				
404	hair	facebook			Hair Salon				
405	accessories				Clothing (Brand)	blog	11.0	15.0	2011.0
406	fashion	gmail			Sports Team				
407	fashion	lovetostyle	Swindon	United Kingdom	Health/Beauty	fashion			
408	fashion	stylelovely	Madrid	Spain	Entertainment Website				
409	accessories				Baby Goods/Kids Goods				
410	fashion	shantellmartin			Artist				
411	accessories	gmail	Mondo	Democratic Republic of the Congo	Food & Beverage Company	fashion	5.0	1.0	2016.0
412	food		Porto	Portugal	Cars	design			
413	accessories	boutiquemartinisi	Vologda	Russia	Clothing Store	food	4.0	20.0	2008.0
414	fashion	gmail			Clothing (Brand)	accessories			
415	car		Los Angeles	United States	Cars				
416	food	gmail			Personal Blog	fashion			
417	design				TV Show	car			
418	lifestyle				Website				
419	accessories				Jewelry/Watches	accessories			
420	food				Personal Website				
421	beauty	creaparrucchieri	Cuorgnè	Italy	Hair Extensions Service	hair			
422	accessories				Community				
423	car	theultimatefinish	Fawkham	United Kingdom	Shopping & Retail	accessories	1.0	19.0	1999.0
424		libero			Personal Blog	fashion			
425	hair	gmail			Personal Blog	accessories			
426	design	hotmoda	Warszawa, Poland		Magazine				
427	food				Community				
428	accessories				Website				
429	car	menabetz	Modena	Italy	Transportation Service				
430	fashion		London	United Kingdom	Clothing (Brand)	fashion			
431	fashion				Cars				
432	fashion				Website				
433	fashion	gmail			Personal Website				
434	hair	gmail			Cars				
435	car	drivesurfing			Cars		3.0	1.0	2017.0
436					Just For Fun				
437	design		Glasgow	United Kingdom	Lawyer & Law Firm				
438	fashion	hotmail			Community	fashion	6.0	25.0	2016.0
439	food		Varazze	Italy	Hair Salon				
440	accessories	gmail	PiotrkÃ³w Trybunalski	Poland	Brand	fashion	3.0	15.0	1992.0
441	fashion				Community				
442	car	autotransferverona	Verona	Italy	Car Rental	food			
443	design				Community		3.0	9.0	2016.0
444	fashion				Phone/Tablet				
445	fashion				Blogger				
446	fashion				Blogger				
447	luxury		Los Angeles	United States	Media/News Company	blog			
448	hair				Website				
449	fashion	gmail			Community				
450	accessories	simplymarcia			Health/Beauty				
451	fashion	gmail	Milan	Italy	Blogger	fashion	2.0	11.0	2016.0
452	food				Kitchen/Cooking				
453	beauty	mugoven	Austin	United States	Society & Culture Website	design			
454	design	consort	Kalamazoo	United States	Local Business	beauty			
455	design	126	Hangzhou	China	Company				
456	fashion				Community				
457		gmail	Cascais	Portugal	Clothing Store	fashion	10.0	30.0	2015.0
458	blog				Community	fashion			
459	accessories	uncinemachezvous	Steinbrunn-le-Bas	France	Local Business	design			
460	accessories	hotmail	Quebec	Canada	Clothing Store	accessories			
461	fashion				Nonprofit Organization				
462	accessories				Bags/Luggage	fashion			
463	car	operamail			Photographer	beauty			
464	fashion	cultmarche			Local & Travel Website				
465	food				Jewelry/Watches	accessories			
466	accessories	gmail			Clothing (Brand)				
467	fashion	sophiekate			Personal Blog				
468	fashion	iwillmedia	Adelaide	Australia	Professional Service	fashion			
469	fashion				Sports Team	fashion			
470	fashion		Dubai	United Arab Emirates	Shopping Mall	accessories			
471	fashion	gmail			Website				
472	design				Website	design			
473	blog				Bags/Luggage	design	6.0	22.0	2016.0
474	fashion	gapinsurance	Otley	United Kingdom	Insurance Broker	fashion			
475	accessories		Milan	Italy	Live & Raw Food Restaurant	fashion	12.0	10.0	2015.0
476	beauty				Jewelry/Watches	fashion			
477	blog	albertoguardiani	Milan	Italy	Fashion Designer	design			
478	fashion		Rome	Italy	Broadcasting & Media Production Company				
479					Public Figure				
480	fashion	gmail			Public Figure		11.0	30.0	2009.0
481	car	the-gt-service	Paris	France	Motor Vehicle Company				
482	fashion				Blogger				
483	fashion	gmail			Website				
484	fashion				Clothing (Brand)				
485					Community				
486	fashion				Food & Beverage Company				
487	luxury	ecologio	Ilhéus	Brazil	Jewelry/Watches	fashion			
488	food	gmail	Turin	Italy	Greek Restaurant	food	10.0	27.0	2014.0
489	car	westcoasttire	Los Angeles	United States	Tire Dealer & Repair Shop	accessories			
490	fashion				Clothing (Brand)				
491	fashion				Musician/Band				
492	car				Cars				
493	fashion	restperformance			Product/Service	fashion			
494	fashion				Health/Beauty	fashion			
495	accessories	airheadzaudio			Website	accessories			
496	accessories				Clothing (Brand)	fashion	7.0	28.0	2013.0
497	accessories	yandex	Vyborg	Russia	Tour Guide	fashion	11.0	29.0	2015.0
498	accessories				Community	accessories			
499	accessories				Cars		10.0	1.0	2015.0
500	design		Termoli	Italy	Public Figure	fashion			
501	fashion		SÃ£o JosÃ©	Brazil	Clothing (Brand)	fashion	10.0	3.0	2015.0
502	fashion	bigpond	Wallaroo S.A.		Medical & Health	fashion	2.0	14.0	2008.0
503	car		Catania	Italy	Community				
504	accessories	womenuk			Magazine	fashion			
505	fashion				Cars	car			
506	accessories				Community	fashion	11.0	30.0	1999.0
507	fashion		Sydney	Australia	Fitness Model				
508	fashion	yahoo	Paris	France	Clothing (Brand)				
509	accessories				Public Figure				
510	accessories		Batna	Algeria	Jewelry/Watches	fashion			
511	design	yahoo	Brooklyn	United States	Cars				
512	design				Clothing (Brand)	accessories			
513	fashion	masseden			Health/Beauty				
514	accessories				Pizza Place	food			
515					Organization				
516	design				Community				
517	accessories	fv-mag			Magazine	fashion	1.0	1.0	2012.0
518	hair		Parabiago (MI) Italy		Fashion Company	fashion			
519	design				Community				
520	fashion				Other				
521	fashion	rocketmail			Local Business	accessories			
522	food				Coach				
523	accessories				Community				
524	accessories				Website				
525	design				Website				
526	fashion	hotmail			Public Figure				
527	beauty	laconsejera	Madrid	Spain	Health/Beauty		12.0	9.0	2015.0
528	accessories				Just For Fun				
529	food	tandemtrack	Moscow	Russia	Car Dealership	food	3.0	1.0	2012.0
530	design				Product/Service	fashion			
531	beauty	vavacouture	Forest Hills	United States	Public Figure				
532	design				Personal Blog				
533	car				Community				
534	fashion				Personal Blog				
535	food	ammu			Kitchen/Cooking	food	3.0	1.0	2016.0
536	blog	kleinlaetitia	RÃ©gioun Musel an EmgÃ©igend		Photographer		1.0	1.0	2016.0
537	food	famelica	Roma		Personal Blog				
538	accessories	gmail	Rome	Italy	Health/Beauty	design			
539	beauty	gmail	Montecalvoli		Automotive Parts Store				
540	fashion	gmail	Atlanta	United States	Image Consultant	accessories			
541	fashion				Community				
542	hair				Home Decor	fashion			
543	food	gmail			Business Service	fashion			
544	beauty	beautynook	Dublin	Ireland	Health/Beauty	beauty			
545	fashion				Fashion				
546	accessories				Musician/Band	fashion			
547	fashion				TV Show				
548	design	sossartoriarapida			Sewer Service	fashion			
549	design	gmail	le beausset		Local Business	design			
550					Community				
551	fashion				Community				
552	accessories	mahmudulalam			Marketing Consultant		7.0	25.0	1990.0
553	design	noasharon	Tel Aviv	Israel	Design & Fashion	design			
554		gmail	Penang	Malaysia	Restaurant				
555	accessories	gmail			Health/Beauty				
556					Clothing (Brand)	fashion			
557	blog				Recreation & Sports Website	fashion	9.0	10.0	2014.0
558	design	josephinehome	London	United Kingdom	Home Decor	fashion	1.0	1.0	2006.0
559	accessories		Dhaka	Bangladesh	Clothing Store				
560	fashion	cicorico			Arts & Humanities Website		3.0	2.0	1991.0
561	accessories		Senigallia	Italy	Local Business	accessories	10.0	24.0	2015.0
562	beauty	gmail			Clothing (Brand)		10.0	19.0	2015.0
563	design	onet	Szczecin	Poland	Interior Design Studio	design			
564	accessories	vera-fashion	Czestochowa	Poland	Clothing (Brand)	fashion			
565	accessories	gmail			Website				
566	fashion	shopual	New Orleans		Retail Company	accessories			
567	accessories	seznam	Trutnov	Czech Republic	Media	accessories			
568	fashion	outlook	Collingwood	Canada	Cleaning Service	fashion			
569	fashion				Community	design			
570	fashion	menalombard	Miami	United States	Clothing (Brand)	fashion			
571	blog	gmail			Personal Blog				
572	accessories	mirostore	Bernareggio	Italy	Beauty Salon	design			
573	accessories	analiseproducoes	SÃ£o Paulo	Brazil	Photographer	fashion			
574	beauty	bikinibod	Fullerton	United States	Weight Loss Center	fashion	3.0	1.0	2015.0
575	fashion		Turin	Italy	Restaurant	food			
576	accessories	hotmail			Actor	food			
577	blog	hardrock	Rome	Italy	American Restaurant				
578	fashion		KrakÃ³w	Poland	Photographer	design			
579	accessories		Kennett Square	United States	Jewelry & Watches Store	accessories			
580	design				Personal Blog				
581	fashion				Community				
582	accessories		MstÃ³w	Poland	Footwear Store		7.0	1.0	2014.0
583	design	vrpremium			Product/Service	design			
584	design				Food & Beverage Company				
585	fashion	momolo			Website				
586	fashion				Cars	car			
587	design	gmail			Health/Beauty	design			
588	fashion		Milan	Italy	Gym/Physical Fitness Center	design			
589	food				Cars				
590					Blogger				
591	accessories	ycpm	Buenos Aires	Argentina	City	accessories			
592	hair		Rome	Italy	Food & Beverage Company	blog			
593	design	kamilanet	Minsk Mazowiecki	Poland	Wholesale & Supply Store	design			
594	fashion				Personal Blog	fashion			
595	accessories	gmail	Cheras, Kuala Lumpur	Malaysia	Community	fashion			
596	fashion	fabfashionfix			News & Media Website	blog			
597	blog	cute-editing	Rome	Italy	Movie Theater	design	10.0	1.0	2009.0
598	food				Jewelry/Watches	accessories			
